<?xml version="1.0" encoding="UTF-8"?>
<!DOCTYPE mapper PUBLIC "-//mybatis.org//DTD Mapper 3.0//EN" "http://mybatis.org/dtd/mybatis-3-mapper.dtd">
<mapper namespace="org.zhku.eshop.mapper.EGoodsTypeMapper">
  <resultMap id="BaseResultMap" type="org.zhku.eshop.entity.EGoodsType">
    <id column="CODE" jdbcType="VARCHAR" property="code" />
    <result column="NAME" jdbcType="VARCHAR" property="name" />
    <result column="REMARK" jdbcType="VARCHAR" property="remark" />
  </resultMap>
  <sql id="Base_Column_List">
    CODE, NAME, REMARK
  </sql>
  <select id="selectByPrimaryKey" parameterType="java.lang.String" resultMap="BaseResultMap">
    select 
    <include refid="Base_Column_List" />
    from e_goods_type
    where CODE = #{code,jdbcType=VARCHAR}
  </select>
  <delete id="deleteByPrimaryKey" parameterType="java.lang.String">
    delete from e_goods_type
    where CODE = #{code,jdbcType=VARCHAR}
  </delete>
  <insert id="insert" parameterType="org.zhku.eshop.entity.EGoodsType">
    insert into e_goods_type (CODE, NAME, REMARK
      )
    values (#{code,jdbcType=VARCHAR}, #{name,jdbcType=VARCHAR}, #{remark,jdbcType=VARCHAR}
      )
  </insert>
  <insert id="insertSelective" parameterType="org.zhku.eshop.entity.EGoodsType">
    insert into e_goods_type
    <trim prefix="(" suffix=")" suffixOverrides=",">
      <if test="code != null">
        CODE,
      </if>
      <if test="name != null">
        NAME,
      </if>
      <if test="remark != null">
        REMARK,
      </if>
    </trim>
    <trim prefix="values (" suffix=")" suffixOverrides=",">
      <if test="code != null">
        #{code,jdbcType=VARCHAR},
      </if>
      <if test="name != null">
        #{name,jdbcType=VARCHAR},
      </if>
      <if test="remark != null">
        #{remark,jdbcType=VARCHAR},
      </if>
    </trim>
  </insert>
  <update id="updateByPrimaryKeySelective" parameterType="org.zhku.eshop.entity.EGoodsType">
    update e_goods_type
    <set>
      <if test="name != null">
        NAME = #{name,jdbcType=VARCHAR},
      </if>
      <if test="remark != null">
        REMARK = #{remark,jdbcType=VARCHAR},
      </if>
    </set>
    where CODE = #{code,jdbcType=VARCHAR}
  </update>
  <update id="updateByPrimaryKey" parameterType="org.zhku.eshop.entity.EGoodsType">
    update e_goods_type
    set NAME = #{name,jdbcType=VARCHAR},
      REMARK = #{remark,jdbcType=VARCHAR}
    where CODE = #{code,jdbcType=VARCHAR}
  </update>
  <select id="selectByCodeEqualFour" resultMap="BaseResultMap">
    select * from e_goods_type where length(`CODE`)=4
  </select>
  <select id="selectByPreCode" resultMap="BaseResultMap">
    select * from e_goods_type where length(`CODE`)>4 and `CODE` like concat(#{code},'%')
  </select>
</mapper>