<?xml version="1.0" encoding="UTF-8"?>
<!DOCTYPE mapper PUBLIC "-//mybatis.org//DTD Mapper 3.0//EN" "http://mybatis.org/dtd/mybatis-3-mapper.dtd">
<mapper namespace="org.zhku.eshop.mapper.EGoodsMapper">
  <resultMap id="BaseResultMap" type="org.zhku.eshop.entity.EGoods">
    <id column="ID" jdbcType="INTEGER" property="id" />
    <result column="TITLE" jdbcType="VARCHAR" property="title" />
    <result column="BRAND_NAME" jdbcType="VARCHAR" property="brandName" />
    <result column="PRICE" jdbcType="DOUBLE" property="price" />
    <result column="FAVORABLE_PRICE" jdbcType="DOUBLE" property="favorablePrice" />
    <result column="GROUNDING_DATE" jdbcType="DATE" property="groundingDate" />
    <result column="STORAGE" jdbcType="INTEGER" property="storage" />
    <result column="IMAGE" jdbcType="VARCHAR" property="image" />
    <result column="TYPE_CODE" jdbcType="VARCHAR" property="typeCode" />
    <result column="CREATE_DATE" jdbcType="DATE" property="createDate" />
  </resultMap>
  <resultMap extends="BaseResultMap" id="ResultMapWithBLOBs" type="org.zhku.eshop.entity.EGoods">
    <result column="DESCRIPTION" jdbcType="LONGVARCHAR" property="description" />
  </resultMap>
  <sql id="Base_Column_List">
    ID, TITLE, BRAND_NAME, PRICE, FAVORABLE_PRICE, GROUNDING_DATE, STORAGE, IMAGE, TYPE_CODE, 
    CREATE_DATE
  </sql>
  <sql id="Blob_Column_List">
    DESCRIPTION
  </sql>
  <select id="selectByPrimaryKey" parameterType="java.lang.Integer" resultMap="ResultMapWithBLOBs">
    select 
    <include refid="Base_Column_List" />
    ,
    <include refid="Blob_Column_List" />
    from e_goods
    where ID = #{id,jdbcType=INTEGER}
  </select>
  <delete id="deleteByPrimaryKey" parameterType="java.lang.Integer">
    delete from e_goods
    where ID = #{id,jdbcType=INTEGER}
  </delete>
  <insert id="insert" parameterType="org.zhku.eshop.entity.EGoods">
    insert into e_goods (ID, TITLE, BRAND_NAME, 
      PRICE, FAVORABLE_PRICE, GROUNDING_DATE, 
      STORAGE, IMAGE, TYPE_CODE, 
      CREATE_DATE, DESCRIPTION)
    values (#{id,jdbcType=INTEGER}, #{title,jdbcType=VARCHAR}, #{brandName,jdbcType=VARCHAR}, 
      #{price,jdbcType=DOUBLE}, #{favorablePrice,jdbcType=DOUBLE}, #{groundingDate,jdbcType=DATE}, 
      #{storage,jdbcType=INTEGER}, #{image,jdbcType=VARCHAR}, #{typeCode,jdbcType=VARCHAR}, 
      #{createDate,jdbcType=DATE}, #{description,jdbcType=LONGVARCHAR})
  </insert>
  <insert id="insertSelective" parameterType="org.zhku.eshop.entity.EGoods">
    insert into e_goods
    <trim prefix="(" suffix=")" suffixOverrides=",">
      <if test="id != null">
        ID,
      </if>
      <if test="title != null">
        TITLE,
      </if>
      <if test="brandName != null">
        BRAND_NAME,
      </if>
      <if test="price != null">
        PRICE,
      </if>
      <if test="favorablePrice != null">
        FAVORABLE_PRICE,
      </if>
      <if test="groundingDate != null">
        GROUNDING_DATE,
      </if>
      <if test="storage != null">
        STORAGE,
      </if>
      <if test="image != null">
        IMAGE,
      </if>
      <if test="typeCode != null">
        TYPE_CODE,
      </if>
      <if test="createDate != null">
        CREATE_DATE,
      </if>
      <if test="description != null">
        DESCRIPTION,
      </if>
    </trim>
    <trim prefix="values (" suffix=")" suffixOverrides=",">
      <if test="id != null">
        #{id,jdbcType=INTEGER},
      </if>
      <if test="title != null">
        #{title,jdbcType=VARCHAR},
      </if>
      <if test="brandName != null">
        #{brandName,jdbcType=VARCHAR},
      </if>
      <if test="price != null">
        #{price,jdbcType=DOUBLE},
      </if>
      <if test="favorablePrice != null">
        #{favorablePrice,jdbcType=DOUBLE},
      </if>
      <if test="groundingDate != null">
        #{groundingDate,jdbcType=DATE},
      </if>
      <if test="storage != null">
        #{storage,jdbcType=INTEGER},
      </if>
      <if test="image != null">
        #{image,jdbcType=VARCHAR},
      </if>
      <if test="typeCode != null">
        #{typeCode,jdbcType=VARCHAR},
      </if>
      <if test="createDate != null">
        #{createDate,jdbcType=DATE},
      </if>
      <if test="description != null">
        #{description,jdbcType=LONGVARCHAR},
      </if>
    </trim>
  </insert>
  <update id="updateByPrimaryKeySelective" parameterType="org.zhku.eshop.entity.EGoods">
    update e_goods
    <set>
      <if test="title != null">
        TITLE = #{title,jdbcType=VARCHAR},
      </if>
      <if test="brandName != null">
        BRAND_NAME = #{brandName,jdbcType=VARCHAR},
      </if>
      <if test="price != null">
        PRICE = #{price,jdbcType=DOUBLE},
      </if>
      <if test="favorablePrice != null">
        FAVORABLE_PRICE = #{favorablePrice,jdbcType=DOUBLE},
      </if>
      <if test="groundingDate != null">
        GROUNDING_DATE = #{groundingDate,jdbcType=DATE},
      </if>
      <if test="storage != null">
        STORAGE = #{storage,jdbcType=INTEGER},
      </if>
      <if test="image != null">
        IMAGE = #{image,jdbcType=VARCHAR},
      </if>
      <if test="typeCode != null">
        TYPE_CODE = #{typeCode,jdbcType=VARCHAR},
      </if>
      <if test="createDate != null">
        CREATE_DATE = #{createDate,jdbcType=DATE},
      </if>
      <if test="description != null">
        DESCRIPTION = #{description,jdbcType=LONGVARCHAR},
      </if>
    </set>
    where ID = #{id,jdbcType=INTEGER}
  </update>
  <update id="updateByPrimaryKeyWithBLOBs" parameterType="org.zhku.eshop.entity.EGoods">
    update e_goods
    set TITLE = #{title,jdbcType=VARCHAR},
      BRAND_NAME = #{brandName,jdbcType=VARCHAR},
      PRICE = #{price,jdbcType=DOUBLE},
      FAVORABLE_PRICE = #{favorablePrice,jdbcType=DOUBLE},
      GROUNDING_DATE = #{groundingDate,jdbcType=DATE},
      STORAGE = #{storage,jdbcType=INTEGER},
      IMAGE = #{image,jdbcType=VARCHAR},
      TYPE_CODE = #{typeCode,jdbcType=VARCHAR},
      CREATE_DATE = #{createDate,jdbcType=DATE},
      DESCRIPTION = #{description,jdbcType=LONGVARCHAR}
    where ID = #{id,jdbcType=INTEGER}
  </update>
  <update id="updateByPrimaryKey" parameterType="org.zhku.eshop.entity.EGoods">
    update e_goods
    set TITLE = #{title,jdbcType=VARCHAR},
      BRAND_NAME = #{brandName,jdbcType=VARCHAR},
      PRICE = #{price,jdbcType=DOUBLE},
      FAVORABLE_PRICE = #{favorablePrice,jdbcType=DOUBLE},
      GROUNDING_DATE = #{groundingDate,jdbcType=DATE},
      STORAGE = #{storage,jdbcType=INTEGER},
      IMAGE = #{image,jdbcType=VARCHAR},
      TYPE_CODE = #{typeCode,jdbcType=VARCHAR},
      CREATE_DATE = #{createDate,jdbcType=DATE}
    where ID = #{id,jdbcType=INTEGER}
  </update>
  
  <!-- hsy 开始 -->
  	<select id="selectValuedByPrimaryKey" resultMap="ResultMapWithBLOBs">
  		SELECT * FROM e_buy.e_goods where to_days(now())-to_days(GROUNDING_DATE)>=0 and id=#{param1}
  	</select>
  	<select id="searchGoodsByKeyword" resultMap="ResultMapWithBLOBs">
  		select * from e_goods 
        <where>
            <if test="1==1">
            	to_days(now())-to_days(GROUNDING_DATE)>=0 and STORAGE>0
            </if>
            <if test="typeCode!=null and typeCode!=''">
            	and TYPE_CODE like CONCAT(#{typeCode},'%') 
            </if>
            <if test="keyword != null and keyword != ''">
                and (TITLE like CONCAT(CONCAT('%',#{keyword}),'%') 
                or BRAND_NAME like CONCAT(CONCAT('%',#{keyword}),'%') 
                or DESCRIPTION like CONCAT(CONCAT('%',#{keyword}),'%'))
            </if>
            <if test="minPrice != null and minPrice!=''">
            	and FAVORABLE_PRICE <![CDATA[ >= ]]> #{minPrice} 
            </if>
            <if test="maxPrice != null and maxPrice != ''">
            	and FAVORABLE_PRICE <![CDATA[ <= ]]> #{maxPrice} 
            </if>
        </where>
  	</select>
  	
  	<select id ="selectAllGoods"  resultMap="ResultMapWithBLOBs">
  		SELECT * FROM e_goods
  	</select>
  <!-- hsy 结束 -->
  <!--  hj开始-->
  <select id="selectByTitleAndBrandAndTypeCodePageable" resultMap="BaseResultMap">
select * from e_goods where 1=1
    <if test="title!=null and title!=''">
      and `TITLE` like concat('%',#{title},'%')
    </if>
    <if test="brandName!=null and brandName!=''">
      and `BRAND_NAME` like concat('%',#{brandName},'%')
    </if>
    <if test="typeCode!=null and typeCode!=''">
      and `TYPE_CODE`=#{typeCode}
    </if>
    limit #{start},#{pageSize}
  </select>
  
  <select id="selectCountByTitleAndBrandAndTypeCodePageable" resultType="INTEGER">
    select count(*) from e_goods where 1=1
    <if test="title!=null and title!=''">
      and `TITLE` like concat('%',#{title},'%')
    </if>
    <if test="brandName!=null and brandName!=''">
      and `BRAND_NAME` like concat('%',#{brandName},'%')
    </if>
    <if test="typeCode!=null and typeCode!=''">
      and `TYPE_CODE`=#{typeCode}
    </if>
  </select>
  
<!--  hj结束-->
</mapper>