<?xml version="1.0" encoding="UTF-8"?>
<!DOCTYPE mapper PUBLIC "-//mybatis.org//DTD Mapper 3.0//EN" "http://mybatis.org/dtd/mybatis-3-mapper.dtd">
<mapper namespace="org.zhku.eshop.mapper.EOrderMapper">
  <resultMap id="BaseResultMap" type="org.zhku.eshop.entity.EOrder">
    <id column="ID" jdbcType="INTEGER" property="id" />
    <result column="ORDER_CODE" jdbcType="VARCHAR" property="orderCode" />
    <result column="CREATE_DATE" jdbcType="TIMESTAMP" property="createDate" />
    <result column="SEND_DATE" jdbcType="TIMESTAMP" property="sendDate" />
    <result column="TRADING_STATUS" jdbcType="INTEGER" property="tradingStatus" />
    <result column="TOTAL_AMOUNT" jdbcType="DOUBLE" property="totalAmount" />
    <result column="USER_ID" jdbcType="INTEGER" property="userId" />
    <result column="ALIPAY" jdbcType="INTEGER" property="alipay" />
  </resultMap>
  <resultMap id="ExtendResultMap" type="org.zhku.eshop.entity.EOrderDetail">
    <id column="ID" jdbcType="INTEGER" property="id" />
    <result column="ORDER_CODE" jdbcType="VARCHAR" property="orderCode" />
    <result column="CREATE_DATE" jdbcType="TIMESTAMP" property="createDate" />
    <result column="SEND_DATE" jdbcType="TIMESTAMP" property="sendDate" />
    <result column="TRADING_STATUS" jdbcType="INTEGER" property="tradingStatus" />
    <result column="TOTAL_AMOUNT" jdbcType="DOUBLE" property="totalAmount" />
    <result column="USER_ID" jdbcType="INTEGER" property="userId" />
    <result column="ALIPAY" jdbcType="INTEGER" property="alipay" />
    <result column="USER_NAME" jdbcType="VARCHAR" property="username" />
  </resultMap>
  <sql id="Base_Column_List">
    ID, ORDER_CODE, CREATE_DATE, SEND_DATE, TRADING_STATUS, TOTAL_AMOUNT, USER_ID, ALIPAY
  </sql>
  <select id="selectByPrimaryKey" parameterType="java.lang.Integer" resultMap="BaseResultMap">
    select 
    <include refid="Base_Column_List" />
    from e_order
    where ID = #{id,jdbcType=INTEGER}
  </select>
  <delete id="deleteByPrimaryKey" parameterType="java.lang.Integer">
    delete from e_order
    where ID = #{id,jdbcType=INTEGER}
  </delete>
  <insert id="insert" parameterType="org.zhku.eshop.entity.EOrder">
    insert into e_order (ID, ORDER_CODE, CREATE_DATE, 
      SEND_DATE, TRADING_STATUS, TOTAL_AMOUNT, 
      USER_ID, ALIPAY)
    values (#{id,jdbcType=INTEGER}, #{orderCode,jdbcType=VARCHAR}, #{createDate,jdbcType=TIMESTAMP}, 
      #{sendDate,jdbcType=TIMESTAMP}, #{tradingStatus,jdbcType=INTEGER}, #{totalAmount,jdbcType=DOUBLE}, 
      #{userId,jdbcType=INTEGER}, #{alipay,jdbcType=INTEGER})
  </insert>
  <insert id="insertSelective" parameterType="org.zhku.eshop.entity.EOrder">
    insert into e_order
    <trim prefix="(" suffix=")" suffixOverrides=",">
      <if test="id != null">
        ID,
      </if>
      <if test="orderCode != null">
        ORDER_CODE,
      </if>
      <if test="createDate != null">
        CREATE_DATE,
      </if>
      <if test="sendDate != null">
        SEND_DATE,
      </if>
      <if test="tradingStatus != null">
        TRADING_STATUS,
      </if>
      <if test="totalAmount != null">
        TOTAL_AMOUNT,
      </if>
      <if test="userId != null">
        USER_ID,
      </if>
      <if test="alipay != null">
        ALIPAY,
      </if>
    </trim>
    <trim prefix="values (" suffix=")" suffixOverrides=",">
      <if test="id != null">
        #{id,jdbcType=INTEGER},
      </if>
      <if test="orderCode != null">
        #{orderCode,jdbcType=VARCHAR},
      </if>
      <if test="createDate != null">
        #{createDate,jdbcType=TIMESTAMP},
      </if>
      <if test="sendDate != null">
        #{sendDate,jdbcType=TIMESTAMP},
      </if>
      <if test="tradingStatus != null">
        #{tradingStatus,jdbcType=INTEGER},
      </if>
      <if test="totalAmount != null">
        #{totalAmount,jdbcType=DOUBLE},
      </if>
      <if test="userId != null">
        #{userId,jdbcType=INTEGER},
      </if>
      <if test="alipay != null">
        #{alipay,jdbcType=INTEGER},
      </if>
    </trim>
  </insert>
  <update id="updateByPrimaryKeySelective" parameterType="org.zhku.eshop.entity.EOrder">
    update e_order
    <set>
      <if test="orderCode != null">
        ORDER_CODE = #{orderCode,jdbcType=VARCHAR},
      </if>
      <if test="createDate != null">
        CREATE_DATE = #{createDate,jdbcType=TIMESTAMP},
      </if>
      <if test="sendDate != null">
        SEND_DATE = #{sendDate,jdbcType=TIMESTAMP},
      </if>
      <if test="tradingStatus != null">
        TRADING_STATUS = #{tradingStatus,jdbcType=INTEGER},
      </if>
      <if test="totalAmount != null">
        TOTAL_AMOUNT = #{totalAmount,jdbcType=DOUBLE},
      </if>
      <if test="userId != null">
        USER_ID = #{userId,jdbcType=INTEGER},
      </if>
      <if test="alipay != null">
        ALIPAY = #{alipay,jdbcType=INTEGER},
      </if>
    </set>
    where ID = #{id,jdbcType=INTEGER}
  </update>
  <update id="updateByPrimaryKey" parameterType="org.zhku.eshop.entity.EOrder">
    update e_order
    set ORDER_CODE = #{orderCode,jdbcType=VARCHAR},
      CREATE_DATE = #{createDate,jdbcType=TIMESTAMP},
      SEND_DATE = #{sendDate,jdbcType=TIMESTAMP},
      TRADING_STATUS = #{tradingStatus,jdbcType=INTEGER},
      TOTAL_AMOUNT = #{totalAmount,jdbcType=DOUBLE},
      USER_ID = #{userId,jdbcType=INTEGER},
      ALIPAY = #{alipay,jdbcType=INTEGER}
    where ID = #{id,jdbcType=INTEGER}
  </update>
  
  <!-- hsy 开始 -->
  <select id="selectOrderByUserId" resultMap="BaseResultMap">
  	select * from e_order where user_id=#{param1} order by CREATE_DATE desc
  </select>
  <update id="updateTradingStatus" parameterType="java.lang.Integer">
  	update e_order set TRADING_STATUS=1 where id=#{param1}
  </update>
  
  <!-- hsy 结束 -->
<!--  hj开始-->
  <select id="selectByUserIdPageable" resultMap="BaseResultMap">
	select * from e_order where `USER_ID` =#{userId} limit #{start},#{pageSize}
  </select>
  <insert id="insertOrderBackId" parameterType="org.zhku.eshop.entity.EOrder" useGeneratedKeys="true" keyProperty="id">
  	insert into e_order (ORDER_CODE, CREATE_DATE, 
      SEND_DATE, TRADING_STATUS, TOTAL_AMOUNT, 
      USER_ID, ALIPAY)
    values (#{orderCode,jdbcType=VARCHAR}, #{createDate,jdbcType=TIMESTAMP}, 
      #{sendDate,jdbcType=TIMESTAMP}, #{tradingStatus,jdbcType=INTEGER}, #{totalAmount,jdbcType=DOUBLE}, 
      #{userId,jdbcType=INTEGER}, #{alipay,jdbcType=INTEGER})
  </insert>
	
  <select id="selectByTradingStatusEqualNullAndAlipayEqualOne" resultMap="BaseResultMap">
    select * from e_order where `TRADING_STATUS` is null and `ALIPAY`=1 limit #{start},#{size}
  </select>

  <select id="selectByTradingStatusEqualZero" resultMap="BaseResultMap">
    select * from e_order where `TRADING_STATUS`=0 limit #{start},#{size}
  </select>

  <select id="selectByTradingStatusEqualOne" resultMap="BaseResultMap">
    select * from e_order where `TRADING_STATUS`=1 limit #{start},#{size}
  </select>


  <select id="selectByTradingStatus" resultMap="ExtendResultMap">
select e_order.ID, ORDER_CODE,e_order.CREATE_DATE, SEND_DATE, TRADING_STATUS, TOTAL_AMOUNT, e_order.USER_ID, ALIPAY,e_user.USER_ID USER_NAME from e_order,e_user
 where e_order.`USER_ID`=e_user.id and `ALIPAY`=1
 <choose>
   <when test="tradingStatus==null||tradingStatus==''">
     and `TRADING_STATUS` is null
   </when>
   <otherwise>
     and `TRADING_STATUS` =#{tradingStatus}
   </otherwise>
 </choose>
 <if test="username!=null and username!=''">
   and e_user.USER_ID=#{username}
 </if>
    limit #{start},#{size}
  </select>

  <select id="countByTradingStatus" resultType="int">
    select count(*) from e_order,e_user
    where e_order.`USER_ID`=e_user.id and `ALIPAY`=1
    <choose>
      <when test="tradingStatus==null||tradingStatus==''">
        and `TRADING_STATUS` is null
      </when>
      <otherwise>
        and `TRADING_STATUS` =#{tradingStatus}
      </otherwise>
    </choose>
    <if test="username!=null and username!=''">
      and e_user.USER_ID=#{username}
    </if>
  </select>
<!--  hj结束-->
</mapper>