<?xml version="1.0" encoding="UTF-8"?>
<!DOCTYPE mapper PUBLIC "-//mybatis.org//DTD Mapper 3.0//EN" "http://mybatis.org/dtd/mybatis-3-mapper.dtd">
<mapper namespace="org.zhku.eshop.mapper.EOrderItemMapper">
  <resultMap id="BaseResultMap" type="org.zhku.eshop.entity.EOrderItem">
    <id column="ORDER_ID" jdbcType="INTEGER" property="orderId" />
    <id column="GOODS_ID" jdbcType="INTEGER" property="goodsId" />
    <result column="ORDER_NUM" jdbcType="INTEGER" property="orderNum" />
  </resultMap>
  <resultMap id="BaseDetail" type="org.zhku.eshop.entity.EOrderItemDetail">
    <id column="ID" jdbcType="INTEGER" property="id" />
    <result column="TITLE" jdbcType="VARCHAR" property="title" />
    <result column="BRAND_NAME" jdbcType="VARCHAR" property="brandName" />
    <result column="PRICE" jdbcType="DOUBLE" property="price" />
    <result column="FAVORABLE_PRICE" jdbcType="DOUBLE" property="favorablePrice" />
    <result column="GROUNDING_DATE" jdbcType="DATE" property="groundingDate" />
    <result column="STORAGE" jdbcType="INTEGER" property="storage" />
    <result column="IMAGE" jdbcType="VARCHAR" property="image" />
    <result column="TYPE_CODE" jdbcType="VARCHAR" property="typeCode" />
    <result column="CREATE_DATE" jdbcType="DATE" property="createDate" />
    <result column="ORDER_NUM" jdbcType="INTEGER" property="orderNum"></result>
  </resultMap>
  <resultMap extends="BaseDetail" id="ResultMapWithBLOBs" type="org.zhku.eshop.entity.EOrderItemDetail">
    <result column="DESCRIPTION" jdbcType="LONGVARCHAR" property="description" />
  </resultMap>

  <sql id="Base_Column_List">
    ORDER_ID, GOODS_ID, ORDER_NUM
  </sql>
  <select id="selectByPrimaryKey" parameterType="org.zhku.eshop.entity.EOrderItemKey" resultMap="BaseResultMap">
    select 
    <include refid="Base_Column_List" />
    from e_order_item
    where ORDER_ID = #{orderId,jdbcType=INTEGER}
      and GOODS_ID = #{goodsId,jdbcType=INTEGER}
  </select>
  <delete id="deleteByPrimaryKey" parameterType="org.zhku.eshop.entity.EOrderItemKey">
    delete from e_order_item
    where ORDER_ID = #{orderId,jdbcType=INTEGER}
      and GOODS_ID = #{goodsId,jdbcType=INTEGER}
  </delete>
  <insert id="insert" parameterType="org.zhku.eshop.entity.EOrderItem">
    insert into e_order_item (ORDER_ID, GOODS_ID, ORDER_NUM
      )
    values (#{orderId,jdbcType=INTEGER}, #{goodsId,jdbcType=INTEGER}, #{orderNum,jdbcType=INTEGER}
      )
  </insert>
  <insert id="insertSelective" parameterType="org.zhku.eshop.entity.EOrderItem">
    insert into e_order_item
    <trim prefix="(" suffix=")" suffixOverrides=",">
      <if test="orderId != null">
        ORDER_ID,
      </if>
      <if test="goodsId != null">
        GOODS_ID,
      </if>
      <if test="orderNum != null">
        ORDER_NUM,
      </if>
    </trim>
    <trim prefix="values (" suffix=")" suffixOverrides=",">
      <if test="orderId != null">
        #{orderId,jdbcType=INTEGER},
      </if>
      <if test="goodsId != null">
        #{goodsId,jdbcType=INTEGER},
      </if>
      <if test="orderNum != null">
        #{orderNum,jdbcType=INTEGER},
      </if>
    </trim>
  </insert>
  <update id="updateByPrimaryKeySelective" parameterType="org.zhku.eshop.entity.EOrderItem">
    update e_order_item
    <set>
      <if test="orderNum != null">
        ORDER_NUM = #{orderNum,jdbcType=INTEGER},
      </if>
    </set>
    where ORDER_ID = #{orderId,jdbcType=INTEGER}
      and GOODS_ID = #{goodsId,jdbcType=INTEGER}
  </update>
  <update id="updateByPrimaryKey" parameterType="org.zhku.eshop.entity.EOrderItem">
    update e_order_item
    set ORDER_NUM = #{orderNum,jdbcType=INTEGER}
    where ORDER_ID = #{orderId,jdbcType=INTEGER}
      and GOODS_ID = #{goodsId,jdbcType=INTEGER}
  </update>
  
  <!-- hsy 开始 -->
  <select id="selectGoodsIdByOrderId" resultMap="BaseResultMap">
  	select * from e_order_item where order_id=#{param1}
  </select>
  
  
  <!-- hsy 结束 -->
<!--  hj开始-->
  <select id="selectOrderDetailByOrderId" resultMap="ResultMapWithBLOBs">
	select * from e_order_item,e_goods where e_order_item.goods_id= e_goods.id and `ORDER_ID`=#{order_id}
  </select>
  <delete id="deleteItemByOrderId" parameterType="Integer">
    delete from e_order_item
    where ORDER_ID = #{orderId,jdbcType=INTEGER}
  </delete>
 
<!--  hj结束-->
</mapper>