<?xml version="1.0" encoding="UTF-8"?>
<!DOCTYPE mapper PUBLIC "-//mybatis.org//DTD Mapper 3.0//EN" "http://mybatis.org/dtd/mybatis-3-mapper.dtd">
<mapper namespace="org.zhku.eshop.mapper.EPictureCarouselMapper">
  <resultMap id="BaseResultMap" type="org.zhku.eshop.entity.EPictureCarousel">
    <id column="ID" jdbcType="INTEGER" property="id" />
    <result column="IMAGE_URL" jdbcType="VARCHAR" property="imageUrl" />
    <result column="REQUEST_URL" jdbcType="VARCHAR" property="requestUrl" />
  </resultMap>
  <sql id="Base_Column_List">
    ID, IMAGE_URL, REQUEST_URL
  </sql>
  <select id="selectByPrimaryKey" parameterType="java.lang.Integer" resultMap="BaseResultMap">
    select 
    <include refid="Base_Column_List" />
    from e_picture_carousel
    where ID = #{id,jdbcType=INTEGER}
  </select>
  <delete id="deleteByPrimaryKey" parameterType="java.lang.Integer">
    delete from e_picture_carousel
    where ID = #{id,jdbcType=INTEGER}
  </delete>
  <insert id="insert" parameterType="org.zhku.eshop.entity.EPictureCarousel">
    insert into e_picture_carousel (ID, IMAGE_URL, REQUEST_URL
      )
    values (#{id,jdbcType=INTEGER}, #{imageUrl,jdbcType=VARCHAR}, #{requestUrl,jdbcType=VARCHAR}
      )
  </insert>
  <insert id="insertSelective" parameterType="org.zhku.eshop.entity.EPictureCarousel">
    insert into e_picture_carousel
    <trim prefix="(" suffix=")" suffixOverrides=",">
      <if test="id != null">
        ID,
      </if>
      <if test="imageUrl != null">
        IMAGE_URL,
      </if>
      <if test="requestUrl != null">
        REQUEST_URL,
      </if>
    </trim>
    <trim prefix="values (" suffix=")" suffixOverrides=",">
      <if test="id != null">
        #{id,jdbcType=INTEGER},
      </if>
      <if test="imageUrl != null">
        #{imageUrl,jdbcType=VARCHAR},
      </if>
      <if test="requestUrl != null">
        #{requestUrl,jdbcType=VARCHAR},
      </if>
    </trim>
  </insert>
  <update id="updateByPrimaryKeySelective" parameterType="org.zhku.eshop.entity.EPictureCarousel">
    update e_picture_carousel
    <set>
      <if test="imageUrl != null">
        IMAGE_URL = #{imageUrl,jdbcType=VARCHAR},
      </if>
      <if test="requestUrl != null">
        REQUEST_URL = #{requestUrl,jdbcType=VARCHAR},
      </if>
    </set>
    where ID = #{id,jdbcType=INTEGER}
  </update>
  <update id="updateByPrimaryKey" parameterType="org.zhku.eshop.entity.EPictureCarousel">
    update e_picture_carousel
    set IMAGE_URL = #{imageUrl,jdbcType=VARCHAR},
      REQUEST_URL = #{requestUrl,jdbcType=VARCHAR}
    where ID = #{id,jdbcType=INTEGER}
  </update>
  
  <select id="selectAll" resultMap="BaseResultMap">
  	SELECT * FROM e_picture_carousel
  </select>
  
</mapper>