<?xml version="1.0" encoding="UTF-8"?>
<!DOCTYPE mapper PUBLIC "-//mybatis.org//DTD Mapper 3.0//EN" "http://mybatis.org/dtd/mybatis-3-mapper.dtd">
<mapper namespace="org.zhku.eshop.mapper.ETimeLimitedMapper">
  <resultMap id="BaseResultMap" type="org.zhku.eshop.entity.ETimeLimited">
    <id column="ID" jdbcType="INTEGER" property="id" />
    <result column="LIMIT_DATE" jdbcType="TIMESTAMP" property="limitDate" />
    <result column="GOODS_ID" jdbcType="INTEGER" property="goodsId" />
    <result column="IS_END" jdbcType="INTEGER" property="isEnd" />
  </resultMap>
  <sql id="Base_Column_List">
    ID, LIMIT_DATE, GOODS_ID, IS_END
  </sql>
  <select id="selectByPrimaryKey" parameterType="java.lang.Integer" resultMap="BaseResultMap">
    select 
    <include refid="Base_Column_List" />
    from e_time_limited
    where ID = #{id,jdbcType=INTEGER}
  </select>
  <delete id="deleteByPrimaryKey" parameterType="java.lang.Integer">
    delete from e_time_limited
    where ID = #{id,jdbcType=INTEGER}
  </delete>
  <insert id="insert" parameterType="org.zhku.eshop.entity.ETimeLimited">
    insert into e_time_limited (ID, LIMIT_DATE, GOODS_ID, 
      IS_END)
    values (#{id,jdbcType=INTEGER}, #{limitDate,jdbcType=TIMESTAMP}, #{goodsId,jdbcType=INTEGER}, 
      #{isEnd,jdbcType=INTEGER})
  </insert>
  <insert id="insertSelective" parameterType="org.zhku.eshop.entity.ETimeLimited">
    insert into e_time_limited
    <trim prefix="(" suffix=")" suffixOverrides=",">
      <if test="id != null">
        ID,
      </if>
      <if test="limitDate != null">
        LIMIT_DATE,
      </if>
      <if test="goodsId != null">
        GOODS_ID,
      </if>
      <if test="isEnd != null">
        IS_END,
      </if>
    </trim>
    <trim prefix="values (" suffix=")" suffixOverrides=",">
      <if test="id != null">
        #{id,jdbcType=INTEGER},
      </if>
      <if test="limitDate != null">
        #{limitDate,jdbcType=TIMESTAMP},
      </if>
      <if test="goodsId != null">
        #{goodsId,jdbcType=INTEGER},
      </if>
      <if test="isEnd != null">
        #{isEnd,jdbcType=INTEGER},
      </if>
    </trim>
  </insert>
  <update id="updateByPrimaryKeySelective" parameterType="org.zhku.eshop.entity.ETimeLimited">
    update e_time_limited
    <set>
      <if test="limitDate != null">
        LIMIT_DATE = #{limitDate,jdbcType=TIMESTAMP},
      </if>
      <if test="goodsId != null">
        GOODS_ID = #{goodsId,jdbcType=INTEGER},
      </if>
      <if test="isEnd != null">
        IS_END = #{isEnd,jdbcType=INTEGER},
      </if>
    </set>
    where ID = #{id,jdbcType=INTEGER}
  </update>
  <update id="updateByPrimaryKey" parameterType="org.zhku.eshop.entity.ETimeLimited">
    update e_time_limited
    set LIMIT_DATE = #{limitDate,jdbcType=TIMESTAMP},
      GOODS_ID = #{goodsId,jdbcType=INTEGER},
      IS_END = #{isEnd,jdbcType=INTEGER}
    where ID = #{id,jdbcType=INTEGER}
  </update>
  
  <select id="select6OrderByDate" resultMap="BaseResultMap">
  	select * from e_buy.e_time_limited where unix_timestamp(LIMIT_DATE)>unix_timestamp(now()) and IS_END=0 order by LIMIT_DATE limit 0,6
  </select>
  
  <select id="selectAllList"  resultMap="BaseResultMap">
  	select * from e_time_limited
  </select>
  <update id="changeIsEnd">
  	update e_time_limited set IS_END=#{param2} where id=#{param1}
  </update>
</mapper>