<?xml version="1.0" encoding="UTF-8"?>
<!DOCTYPE mapper PUBLIC "-//mybatis.org//DTD Mapper 3.0//EN" "http://mybatis.org/dtd/mybatis-3-mapper.dtd">
<mapper namespace="org.zhku.eshop.mapper.EUserMapper">
  <resultMap id="BaseResultMap" type="org.zhku.eshop.entity.EUser">
    <id column="ID" jdbcType="INTEGER" property="id" />
    <result column="USER_ID" jdbcType="VARCHAR" property="userId" />
    <result column="PASS_WORD" jdbcType="VARCHAR" property="passWord" />
    <result column="NAME" jdbcType="VARCHAR" property="name" />
    <result column="PROVINCE" jdbcType="VARCHAR" property="province" />
    <result column="CITY" jdbcType="VARCHAR" property="city" />
    <result column="SEX" jdbcType="INTEGER" property="sex" />
    <result column="BIRTHDAY" jdbcType="DATE" property="birthday" />
    <result column="EMAIL" jdbcType="VARCHAR" property="email" />
    <result column="PHONE" jdbcType="VARCHAR" property="phone" />
    <result column="ADDRESS" jdbcType="VARCHAR" property="address" />
    <result column="ROLE" jdbcType="INTEGER" property="role" />
    <result column="CREATE_DATE" jdbcType="DATE" property="createDate" />
    <result column="ACTIVE_STATUS" jdbcType="INTEGER" property="activeStatus" />
    <result column="ACTIVE_CODE" jdbcType="VARCHAR" property="activeCode" />
  </resultMap>
  <sql id="Base_Column_List">
    ID, USER_ID, PASS_WORD, NAME, PROVINCE, CITY, SEX, BIRTHDAY, EMAIL, PHONE, ADDRESS, 
    ROLE, CREATE_DATE, ACTIVE_STATUS, ACTIVE_CODE
  </sql>
  <select id="selectByPrimaryKey" parameterType="java.lang.Integer" resultMap="BaseResultMap">
    select 
    <include refid="Base_Column_List" />
    from e_user
    where ID = #{id,jdbcType=INTEGER}
  </select>
  <delete id="deleteByPrimaryKey" parameterType="java.lang.Integer">
    delete from e_user
    where ID = #{id,jdbcType=INTEGER}
  </delete>
  <insert id="insert" parameterType="org.zhku.eshop.entity.EUser">
    insert into e_user (ID, USER_ID, PASS_WORD, 
      NAME, PROVINCE, CITY, 
      SEX, BIRTHDAY, EMAIL, 
      PHONE, ADDRESS, ROLE, 
      CREATE_DATE, ACTIVE_STATUS, ACTIVE_CODE
      )
    values (#{id,jdbcType=INTEGER}, #{userId,jdbcType=VARCHAR}, #{passWord,jdbcType=VARCHAR}, 
      #{name,jdbcType=VARCHAR}, #{province,jdbcType=VARCHAR}, #{city,jdbcType=VARCHAR}, 
      #{sex,jdbcType=INTEGER}, #{birthday,jdbcType=DATE}, #{email,jdbcType=VARCHAR}, 
      #{phone,jdbcType=VARCHAR}, #{address,jdbcType=VARCHAR}, #{role,jdbcType=INTEGER}, 
      #{createDate,jdbcType=DATE}, #{activeStatus,jdbcType=INTEGER}, #{activeCode,jdbcType=VARCHAR}
      )
  </insert>
  <insert id="insertSelective" parameterType="org.zhku.eshop.entity.EUser">
    insert into e_user
    <trim prefix="(" suffix=")" suffixOverrides=",">
      <if test="id != null">
        ID,
      </if>
      <if test="userId != null">
        USER_ID,
      </if>
      <if test="passWord != null">
        PASS_WORD,
      </if>
      <if test="name != null">
        NAME,
      </if>
      <if test="province != null">
        PROVINCE,
      </if>
      <if test="city != null">
        CITY,
      </if>
      <if test="sex != null">
        SEX,
      </if>
      <if test="birthday != null">
        BIRTHDAY,
      </if>
      <if test="email != null">
        EMAIL,
      </if>
      <if test="phone != null">
        PHONE,
      </if>
      <if test="address != null">
        ADDRESS,
      </if>
      <if test="role != null">
        ROLE,
      </if>
      <if test="createDate != null">
        CREATE_DATE,
      </if>
      <if test="activeStatus != null">
        ACTIVE_STATUS,
      </if>
      <if test="activeCode != null">
        ACTIVE_CODE,
      </if>
    </trim>
    <trim prefix="values (" suffix=")" suffixOverrides=",">
      <if test="id != null">
        #{id,jdbcType=INTEGER},
      </if>
      <if test="userId != null">
        #{userId,jdbcType=VARCHAR},
      </if>
      <if test="passWord != null">
        #{passWord,jdbcType=VARCHAR},
      </if>
      <if test="name != null">
        #{name,jdbcType=VARCHAR},
      </if>
      <if test="province != null">
        #{province,jdbcType=VARCHAR},
      </if>
      <if test="city != null">
        #{city,jdbcType=VARCHAR},
      </if>
      <if test="sex != null">
        #{sex,jdbcType=INTEGER},
      </if>
      <if test="birthday != null">
        #{birthday,jdbcType=DATE},
      </if>
      <if test="email != null">
        #{email,jdbcType=VARCHAR},
      </if>
      <if test="phone != null">
        #{phone,jdbcType=VARCHAR},
      </if>
      <if test="address != null">
        #{address,jdbcType=VARCHAR},
      </if>
      <if test="role != null">
        #{role,jdbcType=INTEGER},
      </if>
      <if test="createDate != null">
        #{createDate,jdbcType=DATE},
      </if>
      <if test="activeStatus != null">
        #{activeStatus,jdbcType=INTEGER},
      </if>
      <if test="activeCode != null">
        #{activeCode,jdbcType=VARCHAR},
      </if>
    </trim>
  </insert>
  <update id="updateByPrimaryKeySelective" parameterType="org.zhku.eshop.entity.EUser">
    update e_user
    <set>
      <if test="userId != null">
        USER_ID = #{userId,jdbcType=VARCHAR},
      </if>
      <if test="passWord != null">
        PASS_WORD = #{passWord,jdbcType=VARCHAR},
      </if>
      <if test="name != null">
        NAME = #{name,jdbcType=VARCHAR},
      </if>
      <if test="province != null">
        PROVINCE = #{province,jdbcType=VARCHAR},
      </if>
      <if test="city != null">
        CITY = #{city,jdbcType=VARCHAR},
      </if>
      <if test="sex != null">
        SEX = #{sex,jdbcType=INTEGER},
      </if>
      <if test="birthday != null">
        BIRTHDAY = #{birthday,jdbcType=DATE},
      </if>
      <if test="email != null">
        EMAIL = #{email,jdbcType=VARCHAR},
      </if>
      <if test="phone != null">
        PHONE = #{phone,jdbcType=VARCHAR},
      </if>
      <if test="address != null">
        ADDRESS = #{address,jdbcType=VARCHAR},
      </if>
      <if test="role != null">
        ROLE = #{role,jdbcType=INTEGER},
      </if>
      <if test="createDate != null">
        CREATE_DATE = #{createDate,jdbcType=DATE},
      </if>
      <if test="activeStatus != null">
        ACTIVE_STATUS = #{activeStatus,jdbcType=INTEGER},
      </if>
      <if test="activeCode != null">
        ACTIVE_CODE = #{activeCode,jdbcType=VARCHAR},
      </if>
    </set>
    where ID = #{id,jdbcType=INTEGER}
  </update>
  <update id="updateByPrimaryKey" parameterType="org.zhku.eshop.entity.EUser">
    update e_user
    set USER_ID = #{userId,jdbcType=VARCHAR},
      PASS_WORD = #{passWord,jdbcType=VARCHAR},
      NAME = #{name,jdbcType=VARCHAR},
      PROVINCE = #{province,jdbcType=VARCHAR},
      CITY = #{city,jdbcType=VARCHAR},
      SEX = #{sex,jdbcType=INTEGER},
      BIRTHDAY = #{birthday,jdbcType=DATE},
      EMAIL = #{email,jdbcType=VARCHAR},
      PHONE = #{phone,jdbcType=VARCHAR},
      ADDRESS = #{address,jdbcType=VARCHAR},
      ROLE = #{role,jdbcType=INTEGER},
      CREATE_DATE = #{createDate,jdbcType=DATE},
      ACTIVE_STATUS = #{activeStatus,jdbcType=INTEGER},
      ACTIVE_CODE = #{activeCode,jdbcType=VARCHAR}
    where ID = #{id,jdbcType=INTEGER}
  </update>
  <select id="selectByUserIdAndPasswordAndRole" resultMap="BaseResultMap">
    select * from e_user where USER_ID=#{userId} and PASS_WORD=#{password} and ROLE=#{role}
  </select>
  
  <select id="selectByEmailAndPwd" resultMap="BaseResultMap">
  	select * from e_user where email=#{param1} and PASS_WORD=#{param2} and ACTIVE_STATUS = '1'
  </select>
  <select id="selectByUserIdAndPwd" resultMap="BaseResultMap">
  	select * from e_user where USER_ID=#{param1} and PASS_WORD=#{param2} and ACTIVE_STATUS = '1'
  </select>
  <select id="selectByPhoneAndPwd" resultMap="BaseResultMap">
  	select * from e_user where PHONE=#{param1} and PASS_WORD=#{param2} and ACTIVE_STATUS = '1'
  </select>

  <select id="searchUserByRoleLimit" resultMap="BaseResultMap">
    select * from e_user
      <if test="role!=null">
           where `ROLE`=#{role}
      </if>
    limit #{start},#{end}
  </select>

  <select id="selectLikeUserIdByRoleLimit" resultMap="BaseResultMap">
    select * from e_user where 1=1
    <if test="userId!=null and userId!=''">
      and `USER_ID` like  concat('%',#{userId},'%')
    </if>
    <if test="role!=null and role!=''">
      and `ROLE`=#{role}
    </if>
    limit #{start},#{num}
  </select>

  <select id="countLikeUserIdByRole" resultType="int">
    select count(*) from e_user where 1=1
    <if test="userId!=null and userId!=''">
      and `USER_ID` like  concat('%',#{userId},'%')
    </if>
    <if test="role!=null and role!=''">
      and `ROLE`=#{role}
    </if>
  </select>

  <select id="selectByUsername" resultMap="BaseResultMap">
 select * from  e_user where `USER_ID`=#{username}
  </select>
</mapper>